SET DEFINE OFF;
INSERT INTO tblActivityRegionCoordinate (tblActivityRegionCoordinateSeq, sido, gugun, latitude, longitude) VALUES (1, '서울특별시', '강남구', 37.4979, 127.0276);
INSERT INTO tblActivityRegionCoordinate (tblActivityRegionCoordinateSeq, sido, gugun, latitude, longitude) VALUES (2, '서울특별시', '강동구', 37.5301, 127.1238);
INSERT INTO tblActivityRegionCoordinate (tblActivityRegionCoordinateSeq, sido, gugun, latitude, longitude) VALUES (3, '서울특별시', '강북구', 37.6396, 127.0257);
INSERT INTO tblActivityRegionCoordinate (tblActivityRegionCoordinateSeq, sido, gugun, latitude, longitude) VALUES (4, '서울특별시', '강서구', 37.5509, 126.8495);
INSERT INTO tblActivityRegionCoordinate (tblActivityRegionCoordinateSeq, sido, gugun, latitude, longitude) VALUES (5, '서울특별시', '관악구', 37.4784, 126.9516);
INSERT INTO tblActivityRegionCoordinate (tblActivityRegionCoordinateSeq, sido, gugun, latitude, longitude) VALUES (6, '서울특별시', '광진구', 37.5384, 127.0826);
INSERT INTO tblActivityRegionCoordinate (tblActivityRegionCoordinateSeq, sido, gugun, latitude, longitude) VALUES (7, '서울특별시', '구로구', 37.4955, 126.8873);
INSERT INTO tblActivityRegionCoordinate (tblActivityRegionCoordinateSeq, sido, gugun, latitude, longitude) VALUES (8, '서울특별시', '금천구', 37.4558, 126.8958);
INSERT INTO tblActivityRegionCoordinate (tblActivityRegionCoordinateSeq, sido, gugun, latitude, longitude) VALUES (9, '서울특별시', '노원구', 37.6540, 127.0568);
INSERT INTO tblActivityRegionCoordinate (tblActivityRegionCoordinateSeq, sido, gugun, latitude, longitude) VALUES (10, '서울특별시', '도봉구', 37.6688, 127.0477);
INSERT INTO tblActivityRegionCoordinate (tblActivityRegionCoordinateSeq, sido, gugun, latitude, longitude) VALUES (11, '서울특별시', '동대문구', 37.5740, 127.0396);
INSERT INTO tblActivityRegionCoordinate (tblActivityRegionCoordinateSeq, sido, gugun, latitude, longitude) VALUES (12, '서울특별시', '동작구', 37.5027, 126.9487);
INSERT INTO tblActivityRegionCoordinate (tblActivityRegionCoordinateSeq, sido, gugun, latitude, longitude) VALUES (13, '서울특별시', '마포구', 37.5602, 126.9088);
INSERT INTO tblActivityRegionCoordinate (tblActivityRegionCoordinateSeq, sido, gugun, latitude, longitude) VALUES (14, '서울특별시', '서대문구', 37.5792, 126.9355);
INSERT INTO tblActivityRegionCoordinate (tblActivityRegionCoordinateSeq, sido, gugun, latitude, longitude) VALUES (15, '서울특별시', '서초구', 37.4835, 127.0164);
INSERT INTO tblActivityRegionCoordinate (tblActivityRegionCoordinateSeq, sido, gugun, latitude, longitude) VALUES (16, '서울특별시', '성동구', 37.5612, 127.0378);
INSERT INTO tblActivityRegionCoordinate (tblActivityRegionCoordinateSeq, sido, gugun, latitude, longitude) VALUES (17, '서울특별시', '성북구', 37.5891, 127.0195);
INSERT INTO tblActivityRegionCoordinate (tblActivityRegionCoordinateSeq, sido, gugun, latitude, longitude) VALUES (18, '서울특별시', '송파구', 37.5146, 127.1057);
INSERT INTO tblActivityRegionCoordinate (tblActivityRegionCoordinateSeq, sido, gugun, latitude, longitude) VALUES (19, '서울특별시', '양천구', 37.5170, 126.8669);
INSERT INTO tblActivityRegionCoordinate (tblActivityRegionCoordinateSeq, sido, gugun, latitude, longitude) VALUES (20, '서울특별시', '영등포구', 37.5244, 126.8964);
INSERT INTO tblActivityRegionCoordinate (tblActivityRegionCoordinateSeq, sido, gugun, latitude, longitude) VALUES (21, '서울특별시', '용산구', 37.5324, 126.9904);
INSERT INTO tblActivityRegionCoordinate (tblActivityRegionCoordinateSeq, sido, gugun, latitude, longitude) VALUES (22, '서울특별시', '은평구', 37.6176, 126.9227);
INSERT INTO tblActivityRegionCoordinate (tblActivityRegionCoordinateSeq, sido, gugun, latitude, longitude) VALUES (23, '서울특별시', '종로구', 37.5730, 126.9794);
INSERT INTO tblActivityRegionCoordinate (tblActivityRegionCoordinateSeq, sido, gugun, latitude, longitude) VALUES (24, '서울특별시', '중구', 37.5636, 126.9976);
INSERT INTO tblActivityRegionCoordinate (tblActivityRegionCoordinateSeq, sido, gugun, latitude, longitude) VALUES (25, '서울특별시', '중랑구', 37.6060, 127.0928);
INSERT INTO tblCategoryMain (tblCategoryMainSeq, categoryName) VALUES (1, '스포츠');
INSERT INTO tblCategoryMain (tblCategoryMainSeq, categoryName) VALUES (2, '게임');
INSERT INTO tblCategoryMain (tblCategoryMainSeq, categoryName) VALUES (3, '맛집');
INSERT INTO tblCategoryMain (tblCategoryMainSeq, categoryName) VALUES (4, '문화');
INSERT INTO tblCategoryMain (tblCategoryMainSeq, categoryName) VALUES (5, '힐링');
INSERT INTO tblCategoryMain (tblCategoryMainSeq, categoryName) VALUES (6, '자기계발');
INSERT INTO tblCategorySub (tblCategorySubSeq, tblCategoryMainSeq, categoryName) VALUES (1, 1, '유산소');
INSERT INTO tblCategorySub (tblCategorySubSeq, tblCategoryMainSeq, categoryName) VALUES (2, 1, '웨이트(무산소)');
INSERT INTO tblCategorySub (tblCategorySubSeq, tblCategoryMainSeq, categoryName) VALUES (3, 1, '격투');
INSERT INTO tblCategorySub (tblCategorySubSeq, tblCategoryMainSeq, categoryName) VALUES (4, 1, '코어&밸런스');
INSERT INTO tblCategorySub (tblCategorySubSeq, tblCategoryMainSeq, categoryName) VALUES (5, 1, '기능성');
INSERT INTO tblCategorySub (tblCategorySubSeq, tblCategoryMainSeq, categoryName) VALUES (6, 1, '다이어트');
INSERT INTO tblCategorySub (tblCategorySubSeq, tblCategoryMainSeq, categoryName) VALUES (7, 1, '기타');
INSERT INTO tblCategorySub (tblCategorySubSeq, tblCategoryMainSeq, categoryName) VALUES (8, 2, '액션');
INSERT INTO tblCategorySub (tblCategorySubSeq, tblCategoryMainSeq, categoryName) VALUES (9, 2, '어드밴처');
INSERT INTO tblCategorySub (tblCategorySubSeq, tblCategoryMainSeq, categoryName) VALUES (10, 2, '롤플레잉(RPG)');
INSERT INTO tblCategorySub (tblCategorySubSeq, tblCategoryMainSeq, categoryName) VALUES (11, 2, '시뮬레이션');
INSERT INTO tblCategorySub (tblCategorySubSeq, tblCategoryMainSeq, categoryName) VALUES (12, 2, '전략');
INSERT INTO tblCategorySub (tblCategorySubSeq, tblCategoryMainSeq, categoryName) VALUES (13, 2, '스포츠');
INSERT INTO tblCategorySub (tblCategorySubSeq, tblCategoryMainSeq, categoryName) VALUES (14, 2, '퍼즐');
INSERT INTO tblCategorySub (tblCategorySubSeq, tblCategoryMainSeq, categoryName) VALUES (15, 2, '아케이드');
INSERT INTO tblCategorySub (tblCategorySubSeq, tblCategoryMainSeq, categoryName) VALUES (16, 2, '슈팅');
INSERT INTO tblCategorySub (tblCategorySubSeq, tblCategoryMainSeq, categoryName) VALUES (17, 2, '기타');
INSERT INTO tblCategorySub (tblCategorySubSeq, tblCategoryMainSeq, categoryName) VALUES (18, 3, '식사');
INSERT INTO tblCategorySub (tblCategorySubSeq, tblCategoryMainSeq, categoryName) VALUES (19, 3, '카페');
INSERT INTO tblCategorySub (tblCategorySubSeq, tblCategoryMainSeq, categoryName) VALUES (20, 3, '디저트');
INSERT INTO tblCategorySub (tblCategorySubSeq, tblCategoryMainSeq, categoryName) VALUES (21, 3, '술');
INSERT INTO tblCategorySub (tblCategorySubSeq, tblCategoryMainSeq, categoryName) VALUES (22, 3, '비건');
INSERT INTO tblCategorySub (tblCategorySubSeq, tblCategoryMainSeq, categoryName) VALUES (23, 3, '기타');
INSERT INTO tblCategorySub (tblCategorySubSeq, tblCategoryMainSeq, categoryName) VALUES (24, 4, '영화');
INSERT INTO tblCategorySub (tblCategorySubSeq, tblCategoryMainSeq, categoryName) VALUES (25, 4, '공연');
INSERT INTO tblCategorySub (tblCategorySubSeq, tblCategoryMainSeq, categoryName) VALUES (26, 4, '전시회&미술');
INSERT INTO tblCategorySub (tblCategorySubSeq, tblCategoryMainSeq, categoryName) VALUES (27, 4, '노래&춤');
INSERT INTO tblCategorySub (tblCategorySubSeq, tblCategoryMainSeq, categoryName) VALUES (28, 4, '언어교환');
INSERT INTO tblCategorySub (tblCategorySubSeq, tblCategoryMainSeq, categoryName) VALUES (29, 4, '애니메이션');
INSERT INTO tblCategorySub (tblCategorySubSeq, tblCategoryMainSeq, categoryName) VALUES (30, 4, '쇼핑');
INSERT INTO tblCategorySub (tblCategorySubSeq, tblCategoryMainSeq, categoryName) VALUES (31, 4, '악기연주');
INSERT INTO tblCategorySub (tblCategorySubSeq, tblCategoryMainSeq, categoryName) VALUES (32, 4, '기타');
INSERT INTO tblCategorySub (tblCategorySubSeq, tblCategoryMainSeq, categoryName) VALUES (33, 5, '스터디');
INSERT INTO tblCategorySub (tblCategorySubSeq, tblCategoryMainSeq, categoryName) VALUES (34, 5, '취업준비');
INSERT INTO tblCategorySub (tblCategorySubSeq, tblCategoryMainSeq, categoryName) VALUES (35, 5, '모의면접');
INSERT INTO tblCategorySub (tblCategorySubSeq, tblCategoryMainSeq, categoryName) VALUES (36, 5, '멘토&멘티');
INSERT INTO tblCategorySub (tblCategorySubSeq, tblCategoryMainSeq, categoryName) VALUES (37, 5, '독서');
INSERT INTO tblCategorySub (tblCategorySubSeq, tblCategoryMainSeq, categoryName) VALUES (38, 5, '재테크');
INSERT INTO tblCategorySub (tblCategorySubSeq, tblCategoryMainSeq, categoryName) VALUES (39, 5, '비즈니스');
INSERT INTO tblCategorySub (tblCategorySubSeq, tblCategoryMainSeq, categoryName) VALUES (40, 5, '코딩');
INSERT INTO tblCategorySub (tblCategorySubSeq, tblCategoryMainSeq, categoryName) VALUES (41, 5, '기타');
INSERT INTO tblCategorySub (tblCategorySubSeq, tblCategoryMainSeq, categoryName) VALUES (42, 6, '여행');
INSERT INTO tblCategorySub (tblCategorySubSeq, tblCategoryMainSeq, categoryName) VALUES (43, 6, '드라이브');
INSERT INTO tblCategorySub (tblCategorySubSeq, tblCategoryMainSeq, categoryName) VALUES (44, 6, '캠핑');
INSERT INTO tblCategorySub (tblCategorySubSeq, tblCategoryMainSeq, categoryName) VALUES (45, 6, '등산');
INSERT INTO tblCategorySub (tblCategorySubSeq, tblCategoryMainSeq, categoryName) VALUES (46, 6, '명상');
INSERT INTO tblCategorySub (tblCategorySubSeq, tblCategoryMainSeq, categoryName) VALUES (47, 6, '반려동물');
INSERT INTO tblCategorySub (tblCategorySubSeq, tblCategoryMainSeq, categoryName) VALUES (48, 6, '꽃꽃이');
INSERT INTO tblCategorySub (tblCategorySubSeq, tblCategoryMainSeq, categoryName) VALUES (49, 6, '독서');
INSERT INTO tblCategorySub (tblCategorySubSeq, tblCategoryMainSeq, categoryName) VALUES (50, 6, '기타');
COMMIT;

